tiempo_s,fase_medida_deg,delta_fase_deg,fase_generador_deg
0.094240,182.672000,0.000000,182.672000
0.185211,182.672000,0.000000,182.672000
0.282971,182.672000,0.000000,182.672000
0.392906,353.379000,170.707000,353.379000
0.484139,353.379000,0.000000,353.379000
0.580279,353.379000,0.000000,353.379000
0.670959,353.379000,0.000000,353.379000
0.767274,353.379000,0.000000,353.379000
0.857766,353.379000,0.000000,353.379000
0.948845,353.379000,0.000000,353.379000
1.040386,353.379000,0.000000,353.379000
1.132568,353.379000,0.000000,353.379000
1.224388,353.379000,0.000000,353.379000
1.338313,353.379000,0.000000,353.379000
1.427922,185.293000,-168.086000,185.293000
1.518777,185.293000,0.000000,185.293000
1.612913,185.293000,0.000000,185.293000
1.703727,185.293000,0.000000,185.293000
1.794487,185.293000,0.000000,185.293000
1.885270,185.293000,0.000000,185.293000
1.975751,185.293000,0.000000,185.293000
2.065957,185.293000,0.000000,185.293000
2.156484,185.293000,0.000000,185.293000
2.247384,185.293000,0.000000,185.293000
2.339559,341.786000,156.493000,341.786000
2.435967,341.786000,0.000000,341.786000
2.527678,341.786000,0.000000,341.786000
2.624517,341.786000,0.000000,341.786000
2.714707,341.786000,0.000000,341.786000
2.805986,341.786000,0.000000,341.786000
2.897397,341.786000,0.000000,341.786000
2.988532,341.786000,0.000000,341.786000
3.079841,341.786000,0.000000,341.786000
3.170325,341.786000,0.000000,341.786000
3.279402,187.969000,-153.817000,187.969000
3.370364,187.969000,0.000000,187.969000
3.462134,187.969000,0.000000,187.969000
3.551898,187.969000,0.000000,187.969000
3.643421,187.969000,0.000000,187.969000
3.735358,187.969000,0.000000,187.969000
3.829564,187.969000,0.000000,187.969000
3.920212,187.969000,0.000000,187.969000
4.011932,187.969000,0.000000,187.969000
4.102986,187.969000,0.000000,187.969000
4.194275,187.969000,0.000000,187.969000
4.285688,345.858000,157.889000,345.858000
4.377822,345.858000,0.000000,345.858000
4.468572,345.858000,0.000000,345.858000
4.559192,345.858000,0.000000,345.858000
4.656024,345.858000,0.000000,345.858000
4.746598,345.858000,0.000000,345.858000
4.843556,345.858000,0.000000,345.858000
4.934859,345.858000,0.000000,345.858000
5.026889,345.858000,0.000000,345.858000
5.118106,345.858000,0.000000,345.858000
5.312864,195.482000,-150.376000,195.482000
5.403933,195.482000,0.000000,195.482000
5.499884,195.482000,0.000000,195.482000
5.590470,195.482000,0.000000,195.482000
5.687543,195.482000,0.000000,195.482000
5.777910,195.482000,0.000000,195.482000
5.869062,195.482000,0.000000,195.482000
6.066993,195.482000,0.000000,195.482000
6.168071,331.539000,136.057000,331.539000
6.259043,331.539000,0.000000,331.539000
6.349261,331.539000,0.000000,331.539000
6.440314,331.539000,0.000000,331.539000
6.530564,331.539000,0.000000,331.539000
6.622324,331.539000,0.000000,331.539000
6.713581,331.539000,0.000000,331.539000
6.805109,331.539000,0.000000,331.539000
6.897662,331.539000,0.000000,331.539000
6.987523,331.539000,0.000000,331.539000
7.078112,331.539000,0.000000,331.539000
7.169206,195.284000,-136.255000,195.284000
7.260812,195.284000,0.000000,195.284000
7.357953,195.284000,0.000000,195.284000
7.449964,195.284000,0.000000,195.284000
7.547120,195.284000,0.000000,195.284000
7.638325,195.284000,0.000000,195.284000
7.729143,195.284000,0.000000,195.284000
7.819960,195.284000,0.000000,195.284000
7.910947,195.284000,0.000000,195.284000
8.002529,195.284000,0.000000,195.284000
8.093925,319.594000,124.310000,319.594000
8.184997,319.594000,0.000000,319.594000
8.276566,319.594000,0.000000,319.594000
8.373384,319.594000,0.000000,319.594000
8.464947,319.594000,0.000000,319.594000
8.561811,319.594000,0.000000,319.594000
8.653877,319.594000,0.000000,319.594000
8.744346,319.594000,0.000000,319.594000
8.835552,319.594000,0.000000,319.594000
8.926990,319.594000,0.000000,319.594000
9.046403,202.619000,-116.975000,202.619000
9.138310,202.619000,0.000000,202.619000
9.229407,202.619000,0.000000,202.619000
9.319930,202.619000,0.000000,202.619000
9.414051,202.619000,0.000000,202.619000
9.505989,202.619000,0.000000,202.619000
9.596591,202.619000,0.000000,202.619000
9.687676,202.619000,0.000000,202.619000
9.780118,202.619000,0.000000,202.619000
9.877136,202.619000,0.000000,202.619000
9.968558,202.619000,0.000000,202.619000
10.064075,305.937000,103.318000,305.937000
10.155856,305.937000,0.000000,305.937000
10.246627,305.937000,0.000000,305.937000
10.338358,305.937000,0.000000,305.937000
10.429220,305.937000,0.000000,305.937000
10.520050,305.937000,0.000000,305.937000
10.610442,305.937000,0.000000,305.937000
10.703024,305.937000,0.000000,305.937000
10.794859,305.937000,0.000000,305.937000
10.886304,305.937000,0.000000,305.937000
10.988846,185.081000,-120.856000,185.081000
11.081441,185.081000,0.000000,185.081000
11.172890,185.081000,0.000000,185.081000
11.267204,185.081000,0.000000,185.081000
11.359172,185.081000,0.000000,185.081000
11.450195,185.081000,0.000000,185.081000
11.541879,185.081000,0.000000,185.081000
11.633318,185.081000,0.000000,185.081000
11.725282,185.081000,0.000000,185.081000
11.817170,185.081000,0.000000,185.081000
11.908813,185.081000,0.000000,185.081000
11.999718,313.417000,128.336000,313.417000
12.094761,313.417000,0.000000,313.417000
12.186459,313.417000,0.000000,313.417000
12.282480,313.417000,0.000000,313.417000
12.387803,313.417000,0.000000,313.417000
12.479639,313.417000,0.000000,313.417000
12.576374,313.417000,0.000000,313.417000
12.668575,313.417000,0.000000,313.417000
12.767314,313.417000,0.000000,313.417000
12.858355,313.417000,0.000000,313.417000
12.949861,187.490000,-125.927000,187.490000
13.041256,187.490000,0.000000,187.490000
13.132707,187.490000,0.000000,187.490000
13.223977,187.490000,0.000000,187.490000
13.314395,187.490000,0.000000,187.490000
13.406110,187.490000,0.000000,187.490000
13.497001,187.490000,0.000000,187.490000
13.594327,187.490000,0.000000,187.490000
13.685664,187.490000,0.000000,187.490000
13.782762,187.490000,0.000000,187.490000
13.873603,317.878000,130.388000,317.878000
